Collector’s Number,Name,Version,Type,expected_image
499\697,Aesthir Glider,,Artifact Creature — Bird Construct,cards/499-Aesthir-Glider.webp
500\697,Ashnod's Cylix,,Artifact,cards/500-Ashnods-Cylix.webp
501\697,Astrolabe,,Artifact,cards/501-Astrolabe.webp
502\697,Floodwater Dam,,Artifact,cards/502-Floodwater-Dam.webp
503\697,Gustha's Scepter,,Artifact,cards/503-Gusthas-Scepter.webp
504\697,Helm of Obedience,,Artifact,cards/504-Helm-of-Obedience.webp
505\697,Lodestone Bauble,,Snow Artifact,cards/505-Lodestone-Bauble.webp
506\697,Mishra's Groundbreaker,,Snow Artifact,cards/506-Mishras-Groundbreaker.webp
507\697,Mystic Compass,,Artifact,cards/507-Mystic-Compass.webp
508\697,Phyrexian Devourer,,Artifact Creature — Construct,cards/508-Phyrexian-Devourer.webp
509\697,Phyrexian Portal,,Artifact,cards/509-Phyrexian-Portal.webp
510\697,Phyrexian War Beast,,Artifact Creature — Beast Construct,cards/510-Phyrexian-War-Beast.webp
511\697,Scarab of the Unseen,1.0,Artifact,cards/511-Scarab-of-the-Unseen.webp
511A\697,Scarab of the Unseen,2.0,Artifact,cards/511-Scarab-of-the-Unseen2.webp
512\697,Shield Sphere,,Artifact Creature — Wall,cards/512-Shield-Sphere.webp
513\697,Sol Grail,,Snow Artifact,cards/513-Sol-Grail.webp
514\697,Soldevi Digger,,Artifact,cards/514-Soldevi-Digger.webp
515\697,Soldevi Sentry,,Artifact Creature — Soldier,cards/515-Soldevi-Sentry.webp
516\697,Soldevi Steam Beast,,Artifact Creature — Beast Construct,cards/516-Soldevi-Steam-Beast.webp
517\697,Storm Cauldron,,Artifact,cards/517-Storm-Cauldron.webp
518\697,Urza's Engine,,Artifact Creature — Juggernaut,cards/518-Urzas-Engine.webp
519\697,Whirling Catapult,,Artifact,cards/519-Whirling-Catapult.webp
426\697,Balduvian Dead,,Creature — Zombie,cards/426-Balduvian-Dead.webp
427\697,Casting of Bones,,Enchantment — Aura,cards/427-Casting-of-Bones.webp
428\697,Contagion,,Instant,cards/428-Contagion.webp
429\697,Diseased Vermin,,Creature — Rat,cards/429-Diseased-Vermin.webp
430\697,Dystopia,,Enchantment,cards/430-Dystopia.webp
431\697,Fatal Lore,,Sorcery,cards/431-Fatal-Lore.webp
432\697,Feast or Famine,,Instant,cards/432-Feast-or-Famine.webp
433\697,Fevered Strength,,Instant,cards/433-Fevered-Strength.webp
434\697,Insidious Bookworms,,Creature — Worm,cards/434-Insidious-Bookworms.webp
435\697,Keeper of Tresserhorn,,Creature — Avatar,cards/435-Keeper-of-Tresserhorn.webp
436\697,Krovikan Horror,,Creature — Horror Spirit,cards/436-Krovikan-Horror.webp
437\697,Krovikan Plague,,Enchantment — Aura,cards/437-Krovikan-Plague.webp
438\697,Lim-Dul's High Guard,,Creature — Skeleton,cards/438-Lim-Duls-High-Guard.webp
439\697,Misinformation,,Instant,cards/439-Misinformation.webp
440\697,Phantasmal Fiend,,Snow Creature — Illusion Snake,cards/440-Phantasmal-Fiend.webp
441\697,Phyrexian Boon,,Enchantment — Aura,cards/441-Phyrexian-Boon.webp
442\697,Ritual of the Machine,,Sorcery,cards/442-Ritual-of-the-Machine.webp
443\697,Soldevi Adnate,,Creature — Human Cleric,cards/443-Soldevi-Adnate.webp
444\697,Stench of Decay,,Instant,cards/444-Stench-of-Decay.webp
445\697,Stromgald Spy,,Creature — Human Rogue,cards/445-Stromgald-Spy.webp
446\697,Swamp Mosquito,,Creature — Insect,cards/446-Swamp-Mosquito.webp
468\697,Bounty of the Hunt,,Instant,cards/468-Bounty-of-the-Hunt.webp
469\697,Deadly Insect,,Creature — Spirit Insect,cards/469-Deadly-Insect.webp
470\697,Elvish Bard,,Creature — Elf Shaman Bard,cards/470-Elvish-Bard.webp
471\697,Elvish Ranger,1.0,Creature — Elf Archer Ranger,cards/471-Elvish-Ranger.webp
471A\697,Elvish Ranger,2.0,Creature — Elf Archer Ranger,cards/471-Elvish-Ranger2.webp
472\697,Elvish Spirit Guide,,Creature — Elf Spirit,cards/472-Elvish-Spirit-Guide.webp
473\697,Fyndhorn Druid,,Creature — Elf Druid,cards/473-Fyndhorn-Druid.webp
474\697,Gargantuan Gorilla,,Creature — Ape,cards/474-Gargantuan-Gorilla.webp
475\697,Gift of the Woods,,Enchantment — Aura,cards/475-Gift-of-the-Woods.webp
476\697,Gorilla Berserkers,,Snow Creature — Ape Berserker,cards/476-Gorilla-Berserkers.webp
477\697,Gorilla Chieftain,,Creature — Ape,cards/477-Gorilla-Chieftain.webp
478\697,Hail Storm,,Instant,cards/478-Hail-Storm.webp
479\697,"Kaysa, Elder Druid",,Legendary Creature — Elf Druid,cards/479-Kaysa-Elder-Druid.webp
480\697,Nature's Chosen,,Enchantment — Aura,cards/480-Natures-Chosen.webp
481\697,Nature's Wrath,,Enchantment,cards/481-Natures-Wrath.webp
482\697,Splintering Wind,,Enchantment,cards/482-Splintering-Wind.webp
483\697,Taste of Paradise,1.0,Sorcery,cards/483-Taste-of-Paradise.webp
483A\697,Taste of Paradise,2.0,Sorcery,cards/483-Taste-of-Paradise2.webp
484\697,Tornado,,Snow Enchantment,cards/484-Tornado.webp
485\697,Undergrowth,,Instant,cards/485-Undergrowth.webp
486\697,Whip Vine,,Creature — Plant Wall,cards/486-Whip-Vine.webp
487/697,Yavimaya Ancients,,Creature — Treefolk,cards/487-Yavimaya-Ancients.webp
488\697,Yavimaya Ants,,Creature — Insect,cards/488-Yavimaya-Ants.webp
489\697,Energy Arc,,Instant,cards/489-Energy-Arc.webp
490\697,Lim-Dul's Paladin,,Creature — Human Knight,cards/490-Lim-Duls-Paladin.webp
491\697,Lim-Dul's Vault,,Instant,cards/491-Lim-Duls-Vault.webp
492\697,Lord of Tresserhorn,,Legendary Creature — Zombie Avatar,cards/492-Lord-of-Tresserhorn.webp
493\697,Misfortune,,Sorcery,cards/493-Misfortune.webp
494\697,Nature's Blessing,1.0,Enchantment,cards/494-Natures-Blessing.webp
494A\697,Nature's Blessing,2.0,Enchantment,cards/494-Natures-Blessing2.webp
495\697,Phelddagrif the Paragon,,Legendary Creature — Phelddagrif,cards/495-Phelddagrif-the-Paragon.webp
496\697,Surge of Strength,,Instant,cards/496-Surge-of-Strength.webp
497\697,Wandering Mage,,Creature — Human Cleric Wizard,cards/497-Wandering-Mage.webp
498\697,Winter's Night,,Snow Enchantment,cards/498-Winters-Night.webp
520\697,Balduvian Trading Post,,Land,cards/520-Balduvian-Trading-Post.webp
521\697,Heart of Yavimaya,,Land,cards/521-Heart-of-Yavimaya.webp
522\697,Kjeldoran Outpost,,Land,cards/522-Kjeldoran-Outpost.webp
523\697,Lake of the Dead,,Snow Land,cards/523-Lake-of-the-Dead.webp
524\697,School of the Unseen,,Snow Land,cards/524-School-of-the-Unseen.webp
525\697,Sheltered Valley of Elbreth,,Legendary Land,cards/525-Sheltered-Valley-of-Elbreth.webp
526\697,Soldevi Excavations,,Land,cards/526-Soldevi-Excavations.webp
527\697,Thawing Glaciers,,Snow Land,cards/527-Thawing-Glaciers.webp
21\60,Plains,6.0,Basic Land — Plains,cards/L21-Plains5.webp
22\60,Plains,9.0,Basic Land — Plains,cards/L22-Plains6.webp
23\60,Plains,12.0,Basic Land — Plains,cards/L23-Plains7.webp
24\60,Plains,8.0,Basic Land — Plains,cards/L24-Plains8.webp
25\60,Island,2.0,Basic Land — Island,cards/L25-Island5.webp
26\60,Island,7.0,Basic Land — Island,cards/L26-Island6.webp
27\60,Island,8.0,Basic Land — Island,cards/L27-Island7.webp
28\60,Island,10.0,Basic Land — Island,cards/L28-Island8.webp
29\60,Swamp,5.0,Basic Land — Swamp,cards/L29-Swamp5.webp
30\60,Swamp,15.0,Basic Land — Swamp,cards/L30-Swamp6.webp
31\60,Swamp,16.0,Basic Land — Swamp,cards/L31-Swamp7.webp
32\60,Swamp,17.0,Basic Land — Swamp,cards/L32-Swamp8.webp
33\60,Mountain,5.0,Basic Land — Mountain,cards/L33-Mountain5.webp
34\60,Mountain,6.0,Basic Land — Mountain,cards/L34-Mountain6.webp
35\60,Mountain,7.0,Basic Land — Mountain,cards/L35-Mountain7.webp
36\60,Mountain,19.0,Basic Land — Mountain,cards/L36-Mountain8.webp
37\60,Forest,5.0,Basic Land — Forest,cards/L37-Forest5.webp
38\60,Forest,6.0,Basic Land — Forest,cards/L38-Forest6.webp
39\60,Forest,16.0,Basic Land — Forest,cards/L39-Forest7.webp
40\60,Forest,17.0,Basic Land — Forest,cards/L40-Forest8.webp
447\697,Agent of Stromgald,,Creature — Human Knight,cards/447-Agent-of-Stromgald.webp
448\697,Balduvian Horde,,Creature — Human Barbarian,cards/448-Balduvian-Horde.webp
449\697,Balduvian War-Makers,,Creature — Human Barbarian,cards/449-Balduvian-War-Makers.webp
450\697,Bestial Fury,,Enchantment — Aura,cards/450-Bestial-Fury.webp
451\697,Burnout,,Instant,cards/451-Burnout.webp
452\697,Chaos Harlequin,,Creature — Human Elemental,cards/452-Chaos-Harlequin.webp
453\697,Death Spark,,Instant,cards/453-Death-Spark.webp
454\697,Enslaved Scout,,Creature — Goblin Scout,cards/454-Enslaved-Scout.webp
455\697,Gorilla Shaman,,Creature — Ape Shaman,cards/455-Gorilla-Shaman.webp
456\697,Gorilla War Cry,,Instant,cards/456-Gorilla-War-Cry.webp
457\697,Guerrilla Tactics,,Instant,cards/457-Guerrilla-Tactics.webp
458\697,Omen of Fire,,Instant,cards/458-Omen-of-Fire.webp
459\697,Pillage,,Sorcery,cards/459-Pillage.webp
460\697,Primitive Justice,,Sorcery,cards/460-Primitive-Justice.webp
461\697,Pyrokinesis,,Instant,cards/461-Pyrokinesis.webp
462\697,Rogue Skycaptain,,Creature — Human Rogue Mercenary,cards/462-Rogue-Skycaptain.webp
463\697,Soldier of Fortune,,Creature — Human Mercenary,cards/463-Soldier-of-Fortune.webp
464\697,Storm Shaman,,Creature — Human Cleric Shaman,cards/464-Storm-Shaman.webp
465\697,Varchild's Crusader,,Creature — Human Knight,cards/465-Varchilds-Crusader.webp
466\697,Varchild's War-Riders,,Creature — Human Warrior,cards/466-Varchilds-War-Riders.webp
467\697,Veteran's Voice,,Enchantment — Aura,cards/467-Veterans-Voice.webp
405\697,Arcane Denial,,Instant,cards/405-Arcane-Denial.webp
406\697,Awesome Presence,,Enchantment — Aura,cards/406-Awesome-Presence.webp
407\697,Benthic Explorers,,Creature — Merfolk Scout,cards/407-Benthic-Explorers.webp
408\697,Browse,,Enchantment,cards/408-Browse.webp
409\697,Diminishing Returns,,Sorcery,cards/409-Diminishing-Returns.webp
410\697,False Demise,,Enchantment — Aura,cards/410-False-Demise.webp
411\697,Force of Will,,Instant,cards/411-Force-of-Will.webp
412\697,Foresight,,Sorcery,cards/412-Foresight.webp
413\697,Lat-Nam's Legacy,,Instant,cards/413-Lat-Nams-Legacy.webp
414\697,Library of Lat-Nam,,Sorcery,cards/414-Library-of-Lat-Nam.webp
415\697,Phantasmal Sphere,,Creature — Illusion,cards/415-Phantasmal-Sphere.webp
416\697,Soldevi Heretic,,Creature — Human Cleric,cards/416-Soldevi-Heretic.webp
417\697,Soldevi Sage,,Creature — Human Wizard,cards/417-Soldevi-Sage.webp
418\697,Spiny Starfish,,Creature — Starfish,cards/418-Spiny-Starfish.webp
419\697,Storm Crow,,Creature — Bird,cards/419-Storm-Crow.webp
420\697,Storm Elemental,,Creature — Horror Elemental,cards/420-Storm-Elemental.webp
421\697,Suffocation,,Instant,cards/421-Suffocation.webp
422\697,Thought Lash,,Enchantment,cards/422-Thought-Lash.webp
423\697,Tidal Control,,Enchantment,cards/423-Tidal-Control.webp
424\697,Viscerid Armor,,Enchantment — Aura,cards/424-Viscerid-Armor.webp
425\697,Viscerid Drone,,Creature — Homarid Drone,cards/425-Viscerid-Drone.webp
384\697,Carrier Pigeons,,Creature — Bird,cards/384-Carrier-Pigeons.webp
385\697,Errand of Duty,,Enchantment,cards/385-Errand-of-Duty.webp
386\697,Exile,,Instant,cards/386-Exile.webp
387\697,Inheritance,,Enchantment,cards/387-Inheritance.webp
388\697,Ivory Gargoyle,,Snow Creature — Gargoyle,cards/388-Ivory-Gargoyle.webp
389\697,Juniper Order Advocate,,Creature — Human Knight,cards/389-Juniper-Order-Advocate.webp
390\697,Kjeldoran Escort,,Creature — Human Soldier,cards/390-Kjeldoran-Escort.webp
391\697,Kjeldoran Home Guard,,Creature — Human Soldier,cards/391-Kjeldoran-Home-Guard.webp
392\697,Kjeldoran Pride,,Enchantment — Aura,cards/392-Kjeldoran-Pride.webp
393\697,Martyrdom,,Instant,cards/393-Martyrdom.webp
394\697,Noble Steeds,,Enchantment,cards/394-Noble-Steeds.webp
395\697,Reinforcements,,Instant,cards/395-Reinforcements.webp
396\697,Reprisal,,Instant,cards/396-Reprisal.webp
397\697,Royal Decree,,Enchantment,cards/397-Royal-Decree.webp
398\697,Royal Herbalist,,Creature — Human Cleric,cards/398-Royal-Herbalist.webp
399\697,Scars of the Veteran,,Instant,cards/399-Scars-of-the-Veteran.webp
400\697,Seasoned Tactician,,Creature — Human Advisor,cards/400-Seasoned-Tactician.webp
401\697,Sustaining Spirit,,Creature — Angel Spirit,cards/401-Sustaining-Spirit.webp
402\697,Sworn Defender,,Creature — Human Knight,cards/402-Sworn-Defender.webp
403\697,Unlikely Alliance,,Enchantment,cards/403-Unlikely-Alliance.webp
404\697,Wild Aesthir,,Snow Creature — Bird,cards/404-Wild-Aesthir.webp
663\697,Coldsteel Heart,,Snow Artifact,cards/663-Coldsteel-Heart.webp
664\697,Jester's Scepter,,Artifact,cards/664-Jesters-Scepter.webp
665\697,Mishra's Bauble,,Artifact,cards/665-Mishras-Bauble.webp
666\697,Phyrexian Ironfoot,,Snow Artifact Creature — Construct,cards/666-Phyrexian-Ironfoot.webp
667\697,Phyrexian Snowcrusher,,Snow Artifact Creature — Juggernaut,cards/667-Phyrexian-Snowcrusher.webp
668\697,Phyrexian Soulgorger,,Snow Artifact Creature — Construct,cards/668-Phyrexian-Soulgorger.webp
669\697,Thrumming Stone,,Legendary Artifact,cards/669-Thrumming-Stone.webp
578\697,Balduvian Fallen,,Creature — Zombie,cards/578-Balduvian-Fallen.webp
579\697,Chill to the Bone,,Instant,cards/579-Chill-to-the-Bone.webp
580\697,Chilling Shade,,Snow Creature — Shade,cards/580-Chilling-Shade.webp
581\697,Deathmark,,Sorcery,cards/581-Deathmark.webp
582\697,Disciple of Tevesh Szat,,Creature — Human Cleric,cards/582-Disciple-of-Tevesh-Szat.webp
583\697,Feast of Flesh,,Sorcery,cards/583-Feast-of-Flesh.webp
584\697,Garza's Assassin,,Creature — Human Assassin,cards/584-Garzas-Assassin.webp
585\697,Grim Harvest,,Instant,cards/585-Grim-Harvest.webp
586\697,Gristle Grinner,,Snow Creature — Zombie Beast Yeti,cards/586-Gristle-Grinner.webp
587\697,Gutless Ghoul,,Snow Creature — Zombie,cards/587-Gutless-Ghoul.webp
588\697,"Haakon, Stromgald Scourge",,Legendary Creature — Zombie Knight,cards/588-Haakon-Stromgald-Scourge.webp
589\697,Herald of Leshrac,,Creature — Avatar,cards/589-Herald-of-Leshrac.webp
590\697,Krovikan Rot,,Instant,cards/590-Krovikan-Rot.webp
591\697,Krovikan Scoundrel,,Creature — Human Rogue,cards/591-Krovikan-Scoundrel.webp
592\697,Martyr of Bones,,Creature — Human Wizard,cards/592-Martyr-of-Bones.webp
593\697,Phobian Phantasm,,Creature — Illusion Horror,cards/593-Phobian-Phantasm.webp
594\697,Phyrexian Etchings,,Enchantment,cards/594-Phyrexian-Etchings.webp
595\697,Rime Transfusion,,Snow Enchantment — Aura,cards/595-Rime-Transfusion.webp
596\697,Rimebound Dead,,Snow Creature — Skeleton,cards/596-Rimebound-Dead.webp
597\697,Soul Spike,,Instant,cards/597-Soul-Spike.webp
598\697,Stromgald Crusader,,Creature — Zombie Knight,cards/598-Stromgald-Crusader.webp
599\697,Surging Dementia,,Sorcery,cards/599-Surging-Dementia.webp
600\697,Tresserhorn Skyknight,,Creature — Zombie Knight,cards/600-Tresserhorn-Skyknight.webp
601\697,Void Maw,,Creature — Horror,cards/601-Void-Maw.webp
602\697,Zombie Musher,,Snow Creature — Zombie Skeleton,cards/602-Zombie-Musher.webp
628\697,Allosaurus Rider,,Creature — Elf Warrior,cards/628-Allosaurus-Rider.webp
629\697,Arctic Nishoba,,Snow Creature — Cat Warrior,cards/629-Arctic-Nishoba.webp
630\697,Aurochs Herd,,Creature — Aurochs,cards/630-Aurochs-Herd.webp
631\697,Boreal Centaur,,Snow Creature — Centaur Warrior,cards/631-Boreal-Centaur.webp
632\697,Boreal Druid,,Snow Creature — Elf Druid,cards/632-Boreal-Druid.webp
633\697,Brooding Saurian,,Creature — Lizard,cards/633-Brooding-Saurian.webp
634\697,Bull Aurochs,,Creature — Aurochs,cards/634-Bull-Aurochs.webp
635\697,Freyalise's Radiance,,Enchantment,cards/635-Freyalises-Radiance.webp
636\697,Frostweb Spider,,Snow Creature — Spider,cards/636-Frostweb-Spider.webp
637\697,Hibernation's End,,Enchantment,cards/637-Hibernations-End.webp
638\697,Into the North,,Sorcery,cards/638-Into-the-North.webp
639\697,Karplusan Strider,,Snow Creature — Yeti,cards/639-Karplusan-Strider.webp
640A\697,Martyr of Spores,,Creature — Human Shaman,cards/640-Martyr-of-Spores.webp
641\697,Mystic Melting,,Instant,cards/641-Mystic-Melting.webp
642\697,Ohran Viper,,Snow Creature — Snake,cards/642-Ohran-Viper.webp
643\697,Panglacial Wurm,,Creature — Wurm,cards/643-Panglacial-Wurm.webp
644\697,Resize,,Instant,cards/644-Resize.webp
645\697,Rimehorn Aurochs,,Snow Creature — Aurochs,cards/645-Rimehorn-Aurochs.webp
646\697,Ronom Hulk,,Snow Creature — Beast Yeti,cards/646-Ronom-Hulk.webp
647\697,Shape of the Wiitigo,,Enchantment — Aura,cards/647-Shape-of-the-Wiitigo.webp
648\697,Sheltering Ancient,,Creature — Treefolk,cards/648-Sheltering-Ancient.webp
649\697,Simian Brawler,,Creature — Ape Warrior,cards/649-Simian-Brawler.webp
650\697,Sound the Call,,Sorcery,cards/650-Sound-the-Call.webp
651\697,Steam Spitter,,Creature — Spider,cards/651-Steam-Spitter.webp
652\697,Surging Might,,Enchantment — Aura,cards/652-Surging-Might.webp
653\697,Blizzard Specter,,Snow Creature — Specter,cards/653-Blizzard-Specter.webp
654\697,Deepfire Elemental,,Creature — Elemental,cards/654-Deepfire-Elemental.webp
655\697,Diamond Faerie,,Snow Creature — Faerie,cards/655-Diamond-Faerie.webp
656\697,"Garza Zol, Plague Queen",,Legendary Creature — Vampire Noble,cards/656-Garza-Zol-Plague-Queen.webp
657\697,Juniper Order Ranger,,Creature — Human Knight Ranger,cards/657-Juniper-Order-Ranger.webp
658\697,"Sek'Kuar, Deathkeeper",,Legendary Creature — Orc Shaman,cards/658-SekKuar-Deathkeeper.webp
659\697,Tamanoa,,Creature — Spirit,cards/659-Tamanoa.webp
660\697,Vanish into Memory,,Instant,cards/660-Vanish-into-Memory.webp
661\697,Wilderness Elemental,,Creature — Elemental,cards/661-Wilderness-Elemental.webp
662\697,Zur the Enchanter,,Legendary Creature — Human Wizard,cards/662-Zur-the-Enchanter.webp
670\697,Arctic Flats,,Snow Land,cards/670-Arctic-Flats.webp
671\697,Boreal Shelf,,Snow Land,cards/671-Boreal-Shelf.webp
672\697,Dark Depths of Ronom,,Legendary Snow Land,cards/672-Dark-Depths-of-Ronom.webp
673\697,Frost Marsh,,Snow Land,cards/673-Frost-Marsh.webp
674\697,Highland Weald,,Snow Land,cards/674-Highland-Weald.webp
675\697,Mouth of Ronom,,Legendary Snow Land,cards/675-Mouth-of-Ronom.webp
676\697,Scrying Sheets,,Snow Land,cards/676-Scrying-Sheets.webp
694\697,Snow Forest,1.0,Basic Snow Land — Forest,cards/694-Snow-Forest.webp
695\697,Snow Forest,2.0,Basic Snow Land — Forest,cards/695-Snow-Forest2.webp
696\697,Snow Forest,3.0,Basic Snow Land — Forest,cards/696-Snow-Forest3.webp
697\697,Snow Forest,4.0,Basic Snow Land — Forest,cards/697-Snow-Forest4.webp
682\697,Snow Island,1.0,Basic Snow Land — Island,cards/682-Snow-Island.webp
683\697,Snow Island,2.0,Basic Snow Land — Island,cards/683-Snow-Island2.webp
684\697,Snow Island,3.0,Basic Snow Land — Island,cards/684-Snow-Island3.webp
685\697,Snow Island,4.0,Basic Snow Land — Island,cards/685-Snow-Island4.webp
690\697,Snow Mountain,1.0,Basic Snow Land — Mountain,cards/690-Snow-Mountain.webp
691\697,Snow Mountain,2.0,Basic Snow Land — Mountain,cards/691-Snow-Mountain2.webp
692\697,Snow Mountain,3.0,Basic Snow Land — Mountain,cards/692-Snow-Mountain3.webp
693\697,Snow Mountain,4.0,Basic Snow Land — Mountain,cards/693-Snow-Mountain4.webp
678\697,Snow Plains,1.0,Basic Snow Land — Plains,cards/678-Snow-Plains.webp
679\697,Snow Plains,2.0,Basic Snow Land — Plains,cards/679-Snow-Plains2.webp
680\697,Snow Plains,3.0,Basic Snow Land — Plains,cards/680-Snow-Plains3.webp
681\697,Snow Plains,4.0,Basic Snow Land — Plains,cards/681-Snow-Plains4.webp
686\697,Snow Swamp,1.0,Basic Snow Land — Swamp,cards/686-Snow-Swamp.webp
687\697,Snow Swamp,2.0,Basic Snow Land — Swamp,cards/687-Snow-Swamp2.webp
688\697,Snow Swamp,3.0,Basic Snow Land — Swamp,cards/688-Snow-Swamp3.webp
689\697,Snow Swamp,4.0,Basic Snow Land — Swamp,cards/689-Snow-Swamp4.webp
677\697,Tresserhorn Sinks,,Snow Land,cards/677-Tresserhorn-Sinks.webp
41\60,Plains,13.0,Basic Land — Plains,cards/L41-Plains9.webp
42\60,Plains,10.0,Basic Land — Plains,cards/L42-Plains10.webp
43\60,Plains,18.0,Basic Land — Plains,cards/L43-Plains11.webp
44\60,Plains,12.0,Basic Land — Plains,cards/L44-Plains12.webp
45\60,Island,9.0,Basic Land — Island,cards/L45-Island9.webp
46\60,Island,16.0,Basic Land — Island,cards/L46-Island10.webp
47\60,Island,11.0,Basic Land — Island,cards/L47-Island11.webp
48\60,Island,17.0,Basic Land — Island,cards/L48-Island12.webp
49\60,Swamp,9.0,Basic Land — Swamp,cards/L49-Swamp9.webp
50\60,Swamp,10.0,Basic Land — Swamp,cards/L50-Swamp10.webp
51\60,Swamp,13.0,Basic Land — Swamp,cards/L51-Swamp11.webp
52\60,Swamp,12.0,Basic Land — Swamp,cards/L52-Swamp12.webp
53\60,Mountain,13.0,Basic Land — Mountain,cards/L53-Mountain9.webp
54\60,Mountain,14.0,Basic Land — Mountain,cards/L54-Mountain10.webp
55\60,Mountain,15.0,Basic Land — Mountain,cards/L55-Mountain11.webp
56\60,Mountain,12.0,Basic Land — Mountain,cards/L56-Mountain12.webp
57\60,Forest,9.0,Basic Land — Forest,cards/L57-Forest9.webp
58\60,Forest,10.0,Basic Land — Forest,cards/L58-Forest10.webp
59\60,Forest,19.0,Basic Land — Forest,cards/L59-Forest11.webp
60\60,Forest,12.0,Basic Land — Forest,cards/L60-Forest12.webp
603\697,Balduvian Rage,,Instant,cards/603-Balduvian-Rage.webp
604\697,Balduvian Warlord,,Creature — Human Barbarian,cards/604-Balduvian-Warlord.webp
605\697,Braid of Fire,,Enchantment,cards/605-Braid-of-Fire.webp
606\697,Cryoclasm,,Sorcery,cards/606-Cryoclasm.webp
607\697,Earthen Goo,,Creature — Ooze,cards/607-Earthen-Goo.webp
608\697,Fury of the Horde,,Sorcery,cards/608-Fury-of-the-Horde.webp
609\697,Goblin Furrier,,Creature — Goblin Warrior,cards/609-Goblin-Furrier.webp
610\697,Goblin Rimerunner,,Snow Creature — Goblin Warrior,cards/610-Goblin-Rimerunner.webp
611\697,Greater Stone Spirit,,Creature — Elemental Spirit,cards/611-Greater-Stone-Spirit.webp
612\697,Icefall,,Sorcery,cards/612-Icefall.webp
613\697,Karplusan Minotaur,,Creature — Minotaur Warrior,cards/613-Karplusan-Minotaur.webp
614\697,Karplusan Wolverine,,Snow Creature — Wolverine Beast,cards/614-Karplusan-Wolverine.webp
615\697,Lightning Serpent,,Creature — Elemental Serpent,cards/615-Lightning-Serpent.webp
616\697,Lightning Storm,,Instant,cards/616-Lightning-Storm.webp
617\697,Lovisa Coldeyes,,Legendary Creature — Human Warrior,cards/617-Lovisa-Coldeyes.webp
618\697,Magmatic Core,,Snow Enchantment,cards/618-Magmatic-Core.webp
619\697,Martyr of Ashes,,Creature — Human Shaman,cards/619-Martyr-of-Ashes.webp
620\697,Ohran Yeti,,Snow Creature — Yeti,cards/620-Ohran-Yeti.webp
621\697,Orcish Bloodpainter,,Creature — Orc Shaman,cards/621-Orcish-Bloodpainter.webp
622\697,Rimescale Dragon,,Snow Creature — Dragon,cards/622-Rimescale-Dragon.webp
623\697,Rite of Flame,,Sorcery,cards/623-Rite-of-Flame.webp
624\697,Skred,,Instant,cards/624-Skred.webp
625\697,Stalking Yeti,,Snow Creature — Yeti,cards/625-Stalking-Yeti.webp
626\697,Surging Flame,,Instant,cards/626-Surging-Flame.webp
627\697,Thermopod,,Snow Creature — Slug Horror,cards/627-Thermopod.webp
553\697,Adarkar Windform,,Snow Creature — Illusion,cards/553-Adarkar-Windform.webp
554\697,Arcum Dagsson,,Legendary Creature — Human Artificer,cards/554-Arcum-Dagsson.webp
555\697,Balduvian Frostwaker,,Creature — Human Wizard,cards/555-Balduvian-Frostwaker.webp
556\697,Commandeer,,Instant,cards/556-Commandeer.webp
557\697,Controvert,,Instant,cards/557-Controvert.webp
558\697,Counterbalance,,Enchantment,cards/558-Counterbalance.webp
559\697,Drelnoch,,Snow Creature — Yeti Mutant,cards/559-Drelnoch.webp
560\697,Flashfreeze,,Instant,cards/560-Flashfreeze.webp
561\697,Frost Raptor,,Snow Creature — Bird Dinosaur,cards/561-Frost-Raptor.webp
562\697,Frozen Solid,,Enchantment — Aura,cards/562-Frozen-Solid.webp
563\697,"Heidar, Rimewind Master",,Legendary Creature — Human Wizard,cards/563-Heidar-Rimewind-Master.webp
564\697,Jokulmorder,,Creature — Leviathan,cards/564-Jokulmorder.webp
565\697,Krovikan Mist,,Creature — Illusion,cards/565-Krovikan-Mist.webp
566\697,Krovikan Whispers,,Enchantment — Aura,cards/566-Krovikan-Whispers.webp
567\697,Martyr of Frost,,Creature — Human Wizard,cards/567-Martyr-of-Frost.webp
568\697,Perilous Research,,Instant,cards/568-Perilous-Research.webp
569\697,Rimefeather Owl,,Snow Creature — Bird,cards/569-Rimefeather-Owl.webp
570\697,Rimewind Cryomancer,,Creature — Human Wizard,cards/570-Rimewind-Cryomancer.webp
571\697,Rimewind Taskmage,,Creature — Human Wizard,cards/571-Rimewind-Taskmage.webp
572\697,Ronom Serpent,,Snow Creature — Serpent,cards/572-Ronom-Serpent.webp
573\697,Rune Snag,,Instant,cards/573-Rune-Snag.webp
574\697,Surging AEther,,Instant,cards/574-Surging-AEther.webp
575\697,Survivor of the Unseen,,Creature — Human Wizard Survivor,cards/575-Survivor-of-the-Unseen.webp
576\697,Thermal Flux,,Instant,cards/576-Thermal-Flux.webp
577\697,Vexing Sphinx,,Snow Creature — Sphinx,cards/577-Vexing-Sphinx.webp
528\697,Adarkar Valkyrie,,Snow Creature — Angel,cards/528-Adarkar-Valkyrie.webp
529\697,Boreal Griffin,,Snow Creature — Griffin,cards/529-Boreal-Griffin.webp
530\697,Cover of Winter,,Snow Enchantment,cards/530-Cover-of-Winter.webp
531\697,"Darien, King of Kjeldor",,Legendary Creature — Human Soldier,cards/531-Darien-King-of-Kjeldor.webp
532\697,Field Marshal,,Creature — Human Soldier,cards/532-Field-Marshal.webp
533\697,Gelid Shackles,,Snow Enchantment — Aura,cards/533-Gelid-Shackles.webp
534\697,Glacial Plating,,Snow Enchantment — Aura,cards/534-Glacial-Plating.webp
535\697,Jotun Grunt,,Creature — Giant Soldier,cards/535-Jotun-Grunt.webp
536\697,Jotun Owl Keeper,,Creature — Giant,cards/536-Jotun-Owl-Keeper.webp
537\697,Kjeldoran Gargoyle,,Creature — Gargoyle,cards/537-Kjeldoran-Gargoyle.webp
538\697,Kjeldoran Javelineer,,Creature — Human Soldier,cards/538-Kjeldoran-Javelineer.webp
539\697,Kjeldoran Outrider,,Creature — Human Soldier,cards/539-Kjeldoran-Outrider.webp
540\697,Kjeldoran War Cry,,Instant,cards/540-Kjeldoran-War-Cry.webp
541\697,Luminesce,,Instant,cards/541-Luminesce.webp
542\697,Martyr of Sands,,Creature — Human Cleric,cards/542-Martyr-of-Sands.webp
543\697,Ronom Unicorn,,Creature — Unicorn,cards/543-Ronom-Unicorn.webp
544\697,Squall Drifter,,Snow Creature — Elemental,cards/544-Squall-Drifter.webp
545\697,Sun's Bounty,,Instant,cards/545-Suns-Bounty.webp
546\697,Sunscour,,Sorcery,cards/546-Sunscour.webp
547\697,Surging Sentinels,,Creature — Human Soldier,cards/547-Surging-Sentinels.webp
548\697,Swift Maneuver,,Instant,cards/548-Swift-Maneuver.webp
549\697,Ursine Fylgja,,Creature — Spirit Bear,cards/549-Ursine-Fylgja.webp
550\697,Wall of Shards,,Snow Creature — Wall,cards/550-Wall-of-Shards.webp
551\697,White Shield Crusader,,Creature — Human Knight,cards/551-White-Shield-Crusader.webp
552\697,Woolly Razorback,,Creature — Boar Beast,cards/552-Woolly-Razorback.webp
306\697,Adarkar Sentinel,,Artifact Creature — Soldier,cards/306-Adarkar-Sentinel.webp
307\697,Aegis of the Meek,,Artifact,cards/307-Aegis-of-the-Meek.webp
308\697,Amulet of Quoz,,Artifact,cards/308-Amulet-of-Quoz.webp
309\697,Arcum's Sleigh,,Snow Artifact,cards/309-Arcums-Sleigh.webp
310\697,Arcum's Weathervane,,Snow Artifact,cards/310-Arcums-Weathervane.webp
311\697,Arcum's Whistle,,Artifact,cards/311-Arcums-Whistle.webp
312\697,Barbed Sextant,,Artifact,cards/312-Barbed-Sextant.webp
313\697,Baton of Morale,,Snow Artifact,cards/313-Baton-of-Morale.webp
314\697,Celestial Sword,,Artifact,cards/314-Celestial-Sword.webp
315\697,Crown of the Ages,,Artifact,cards/315-Crown-of-the-Ages.webp
316\697,Despotic Scepter,,Artifact,cards/316-Despotic-Scepter.webp
317\697,Elkin Bottle,,Snow Artifact,cards/317-Elkin-Bottle.webp
318\697,Fyndhorn Bow,,Artifact,cards/318-Fyndhorn-Bow.webp
319\697,Goblin Lyre,,Artifact,cards/319-Goblin-Lyre.webp
320\697,Hematite Talisman,,Artifact,cards/320-Hematite-Talisman.webp
321\697,Ice Cauldron,,Snow Artifact,cards/321-Ice-Cauldron.webp
322\697,Icy Manipulator,,Artifact,cards/322-Icy-Manipulator.webp
323\697,Infinite Hourglass,,Snow Artifact,cards/323-Infinite-Hourglass.webp
324\697,Jester's Cap,,Artifact,cards/324-Jesters-Cap.webp
325\697,Jester's Mask,,Artifact,cards/325-Jesters-Mask.webp
326\697,Jeweled Amulet,,Artifact,cards/326-Jeweled-Amulet.webp
327\697,Lapis Lazuli Talisman,,Artifact,cards/327-Lapis-Lazuli-Talisman.webp
328\697,Malachite Talisman,,Artifact,cards/328-Malachite-Talisman.webp
329\697,Nacre Talisman,,Artifact,cards/329-Nacre-Talisman.webp
330\697,Naked Singularity,,Snow Artifact,cards/330-Naked-Singularity.webp
331\697,Onyx Talisman,,Artifact,cards/331-Onyx-Talisman.webp
332\697,Pentagram of the Ages,,Snow Artifact,cards/332-Pentagram-of-the-Ages.webp
333\697,Pit Trap,,Artifact,cards/333-Pit-Trap.webp
334\697,Runed Arch,,Artifact,cards/334-Runed-Arch.webp
335\697,Shield of the Ages,,Snow Artifact,cards/335-Shield-of-the-Ages.webp
336\697,Skull Catapult,,Artifact,cards/336-Skull-Catapult.webp
337\697,Snow Fortress,,Snow Artifact Creature — Wall,cards/337-Snow-Fortress.webp
338\697,Soldevi Golem,,Artifact Creature — Golem,cards/338-Soldevi-Golem.webp
339\697,Soldevi Simulacrum,,Artifact Creature — Soldier,cards/339-Soldevi-Simulacrum.webp
340\697,Staff of the Ages,,Snow Artifact,cards/340-Staff-of-the-Ages.webp
341\697,Sunstone,,Snow Artifact,cards/341-Sunstone.webp
342\697,Time Bomb,,Snow Artifact,cards/342-Time-Bomb.webp
343\697,Urza's Bauble,,Artifact,cards/343-Urzas-Bauble.webp
344\697,Vexing Arcanix,,Artifact,cards/344-Vexing-Arcanix.webp
345\697,Vibrating Sphere,,Artifact,cards/345-Vibrating-Sphere.webp
346\697,Walking Wall,,Snow Artifact Creature — Wall,cards/346-Walking-Wall.webp
347\697,Wall of Shields,,Artifact Creature — Wall,cards/347-Wall-of-Shields.webp
348\697,War Chariot,,Artifact,cards/348-War-Chariot.webp
349\697,Whalebone Glider,,Artifact,cards/349-Whalebone-Glider.webp
350\697,Zuran Orb,,Artifact,cards/350-Zuran-Orb.webp
113\697,Abyssal Specter,,Creature — Specter,cards/113-Abyssal-Specter.webp
114\697,Ashen Ghoul,,Creature — Zombie,cards/114-Ashen-Ghoul.webp
115\697,Brine Shaman,,Creature — Human Cleric Shaman,cards/115-Brine-Shaman.webp
116\697,Burnt Offering,,Instant,cards/116-Burnt-Offering.webp
117\697,Cloak of Confusion,,Snow Enchantment — Aura,cards/117-Cloak-of-Confusion.webp
118\697,Dance of the Dead,,Enchantment — Aura,cards/118-Dance-of-the-Dead.webp
119\697,Dark Banishing,,Instant,cards/119-Dark-Banishing.webp
120\697,Dark Ritual,,Instant,cards/120-Dark-Ritual.webp
121\697,Demonic Consultation,,Instant,cards/121-Demonic-Consultation.webp
122\697,Dread Wight,,Creature — Zombie Horror,cards/122-Dread-Wight.webp
123\697,Drift of the Dead,,Snow Creature — Wall,cards/123-Drift-of-the-Dead.webp
124\697,Fear,,Enchantment — Aura,cards/124-Fear.webp
125\697,Flow of Maggots,,Creature — Insect Horror,cards/125-Flow-of-Maggots.webp
126\697,Foul Familiar,,Creature — Spirit,cards/126-Foul-Familiar.webp
127\697,Gangrenous Zombies,,Creature — Zombie,cards/127-Gangrenous-Zombies.webp
128\697,Gaze of Pain,,Instant,cards/128-Gaze-of-Pain.webp
129\697,Gravebind,,Instant,cards/129-Gravebind.webp
130\697,Hecatomb,,Enchantment,cards/130-Hecatomb.webp
131\697,Hoar Shade,,Creature — Shade,cards/131-Hoar-Shade.webp
132\697,Howl from Beyond,,Instant,cards/132-Howl-from-Beyond.webp
133\697,Hyalopterous Lemure,,Creature — Spirit,cards/133-Hyalopterous-Lemure.webp
134\697,Icequake,,Sorcery,cards/134-Icequake.webp
135\697,Infernal Darkness,,Enchantment,cards/135-Infernal-Darkness.webp
136\697,Infernal Denizen,,Creature — Demon,cards/136-Infernal-Denizen.webp
137\697,Kjeldoran Dead,,Creature — Skeleton,cards/137-Kjeldoran-Dead.webp
138\697,Knight of Stromgald,,Creature — Human Knight,cards/138-Knight-of-Stromgald.webp
139\697,Krovikan Elementalist,,Creature — Human Wizard,cards/139-Krovikan-Elementalist.webp
140\697,Krovikan Fetish,,Enchantment — Aura,cards/140-Krovikan-Fetish.webp
141\697,Krovikan Vampire,,Creature — Vampire,cards/141-Krovikan-Vampire.webp
142\697,Legions of Lim-Dul,,Creature — Zombie,cards/142-Legions-of-Lim-Dul.webp
143\697,Leshrac's Rite,,Enchantment — Aura,cards/143-Leshracs-Rite.webp
144\697,Leshrac's Sigil,,Enchantment,cards/144-Leshracs-Sigil.webp
145\697,Lim-Dul's Cohort,,Creature — Zombie,cards/145-Lim-Duls-Cohort.webp
146\697,Lim-Dul's Hex,,Enchantment,cards/146-Lim-Duls-Hex.webp
147\697,Mind Ravel,,Sorcery,cards/147-Mind-Ravel.webp
148\697,Mind Warp,,Sorcery,cards/148-Mind-Warp.webp
149\697,Mind Whip,,Enchantment — Aura,cards/149-Mind-Whip.webp
150\697,Minion of Leshrac,,Creature — Demon Minion,cards/150-Minion-of-Leshrac.webp
151\697,Minion of Tevesh Szat,,Creature — Demon Minion,cards/151-Minion-of-Tevesh-Szat.webp
152\697,Mole Worms,,Creature — Worm,cards/152-Mole-Worms.webp
153\697,Moor Fiend,,Creature — Horror,cards/153-Moor-Fiend.webp
154\697,Necropotence,,Enchantment,cards/154-Necropotence.webp
155\697,Norritt,,Creature — Imp,cards/155-Norritt.webp
156\697,Oath of Lim-Dul,,Enchantment,cards/156-Oath-of-Lim-Dul.webp
157\697,Pestilence Rats,,Creature — Rat,cards/157-Pestilence-Rats.webp
158\697,Pox,,Sorcery,cards/158-Pox.webp
159\697,Seizures,,Enchantment — Aura,cards/159-Seizures.webp
160\697,Songs of the Damned,,Instant,cards/160-Songs-of-the-Damned.webp
161\697,Soul Burn,,Sorcery,cards/161-Soul-Burn.webp
162\697,Soul Kiss,,Enchantment — Aura,cards/162-Soul-Kiss.webp
163\697,Spoils of Evil,,Instant,cards/163-Spoils-of-Evil.webp
164\697,Spoils of War,,Sorcery,cards/164-Spoils-of-War.webp
165\697,Stench of Evil,,Sorcery,cards/165-Stench-of-Evil.webp
166\697,Stromgald Cabal,,Creature — Human Knight,cards/166-Stromgald-Cabal.webp
167\697,Touch of Death,,Instant,cards/167-Touch-of-Death.webp
168\697,Withering Wisps,,Snow Enchantment,cards/168-Withering-Wisps.webp
225\697,Aurochs,,Creature — Aurochs,cards/225-Aurochs.webp
226\697,Balduvian Bears,,Creature — Bear,cards/226-Balduvian-Bears.webp
227\697,Blizzard,,Snow Enchantment,cards/227-Blizzard.webp
228\697,Brown Ouphe,,Creature — Ouphe,cards/228-Brown-Ouphe.webp
229\697,Chub Toad,,Creature — Frog,cards/229-Chub-Toad.webp
230\697,Dire Wolves,,Creature — Wolf,cards/230-Dire-Wolves.webp
231\697,Earthlore,,Snow Enchantment — Aura,cards/231-Earthlore.webp
232\697,Elder Druid,,Creature — Elf Cleric Druid,cards/232-Elder-Druid.webp
233\697,Essence Filter,,Sorcery,cards/233-Essence-Filter.webp
234\697,Fanatical Fever,,Instant,cards/234-Fanatical-Fever.webp
235\697,Folk of the Pines,,Snow Creature — Dryad,cards/235-Folk-of-the-Pines.webp
236\697,Forbidden Lore,,Enchantment — Aura,cards/236-Forbidden-Lore.webp
237\697,Forgotten Lore,,Sorcery,cards/237-Forgotten-Lore.webp
238\697,Foxfire,,Instant,cards/238-Foxfire.webp
239\697,Freyalise Supplicant,,Creature — Human Cleric,cards/239-Freyalise-Supplicant.webp
240\697,Freyalise's Charm,,Enchantment,cards/240-Freyalises-Charm.webp
241\697,Freyalise's Winds,,Snow Enchantment,cards/241-Freyalises-Winds.webp
242\697,Fyndhorn Brownie,,Creature — Ouphe,cards/242-Fyndhorn-Brownie.webp
243\697,Fyndhorn Elder,,Creature — Elf Druid,cards/243-Fyndhorn-Elder.webp
244\697,Fyndhorn Elves,,Creature — Elf Druid,cards/244-Fyndhorn-Elves.webp
245\697,Fyndhorn Pollen,,Enchantment,cards/245-Fyndhorn-Pollen.webp
246\697,Giant Growth,,Instant,cards/246-Giant-Growth.webp
247\697,Gorilla Pack,,Creature — Ape,cards/247-Gorilla-Pack.webp
248\697,Hot Springs,,Snow Enchantment — Aura,cards/248-Hot-Springs.webp
249\697,Hurricane,,Sorcery,cards/249-Hurricane.webp
250\697,Johtull Wurm,,Snow Creature — Wurm,cards/250-Johtull-Wurm.webp
251\697,Juniper Order Druid,,Creature — Human Cleric Druid,cards/251-Juniper-Order-Druid.webp
252\697,Lhurgoyf,,Creature — Lhurgoyf,cards/252-Lhurgoyf.webp
253\697,Lure,,Enchantment — Aura,cards/253-Lure.webp
254\697,Maddening Wind,,Enchantment — Aura,cards/254-Maddening-Wind.webp
255\697,Nature's Lore,,Sorcery,cards/255-Natures-Lore.webp
256\697,Pale Bears,,Snow Creature — Bear,cards/256-Pale-Bears.webp
257\697,Pygmy Allosaurus,,Snow Creature — Dinosaur,cards/257-Pygmy-Allosaurus.webp
258\697,Pyknite,,Creature — Ouphe,cards/258-Pyknite.webp
259\697,Regeneration,,Enchantment,cards/259-Regeneration.webp
260\697,Rime Dryad,1.0,Snow Creature — Dryad,cards/260-Rime-Dryad.webp
260A\697,Rime Dryad,2.0,Snow Creature — Dryad,cards/260-Rime-Dryad2.webp
260B\697,Rime Dryad,3.0,Snow Creature — Dryad,cards/260-Rime-Dryad3.webp
260C\697,Rime Dryad,4.0,Snow Creature — Dryad,cards/260-Rime-Dryad4.webp
261\697,Ritual of Subdual,,Enchantment,cards/261-Ritual-of-Subdual.webp
262\697,Scaled Wurm,,Snow Creature — Wurm,cards/262-Scaled-Wurm.webp
263\697,Shambling Strider,,Snow Creature — Yeti,cards/263-Shambling-Strider.webp
264\697,Snowblind,,Snow Enchantment,cards/264-Snowblind.webp
265\697,Stampede,,Instant,cards/265-Stampede.webp
266\697,Stunted Growth,,Sorcery,cards/266-Stunted-Growth.webp
267\697,Tarpan,,Creature — Horse,cards/267-Tarpan.webp
268\697,Thermokarst,,Sorcery,cards/268-Thermokarst.webp
269\697,Thoughtleech,,Enchantment,cards/269-Thoughtleech.webp
270\697,Tinder Wall,,Creature — Plant Wall,cards/270-Tinder-Wall.webp
271\697,Touch of Vitae,,Instant,cards/271-Touch-of-Vitae.webp
272\697,Trailblazer,,Instant,cards/272-Trailblazer.webp
273\697,Venomous Breath,,Instant,cards/273-Venomous-Breath.webp
274\697,Wall of Pine Needles,,Creature — Plant Wall,cards/274-Wall-of-Pine-Needles.webp
275\697,Whiteout,,Instant,cards/275-Whiteout.webp
276\697,Wiitigo,,Snow Creature — Yeti Giant,cards/276-Wiitigo.webp
277\697,Wild Growth,,Enchantment — Aura,cards/277-Wild-Growth.webp
278\697,Woolly Mammoths,,Snow Creature — Elephant,cards/278-Woolly-Mammoths.webp
279\697,Woolly Spider,,Snow Creature — Spider,cards/279-Woolly-Spider.webp
280\697,Yavimaya Gnats,,Creature — Insect,cards/280-Yavimaya-Gnats.webp
281\697,Altar of Bone,,Sorcery,cards/281-Altar-of-Bone.webp
282\697,Centaur Archer,,Creature — Centaur Archer,cards/282-Centaur-Archer.webp
283\697,Chromatic Armor,,Enchantment — Aura,cards/283-Chromatic-Armor.webp
284\697,Diabolic Vision,,Sorcery,cards/284-Diabolic-Vision.webp
285\697,Earthlink,,Enchantment,cards/285-Earthlink.webp
286\697,Elemental Augury,,Enchantment,cards/286-Elemental-Augury.webp
287\697,Essence Vortex,,Instant,cards/287-Essence-Vortex.webp
288\697,Fiery Justice,,Sorcery,cards/288-Fiery-Justice.webp
289\697,Fire Covenant,,Instant,cards/289-Fire-Covenant.webp
290\697,Flooded Woodlands,,Snow Enchantment,cards/290-Flooded-Woodlands.webp
291\697,Fumarole,,Sorcery,cards/291-Fumarole.webp
292\697,Ghostly Flame,,Enchantment,cards/292-Ghostly-Flame.webp
293\697,Giant Trapdoor Spider,,Creature — Spider,cards/293-Giant-Trapdoor-Spider.webp
294\697,Glaciers,,Snow Enchantment,cards/294-Glaciers.webp
295\697,Hymn of Rebirth,,Sorcery,cards/295-Hymn-of-Rebirth.webp
296\697,Kjeldoran Frostbeast,,Snow Creature — Elemental Beast,cards/296-Kjeldoran-Frostbeast.webp
297\697,Merieke Ri Berit,,Legendary Creature — Human Noble,cards/297-Merieke-Ri-Berit.webp
298\697,Monsoon,,Enchantment,cards/298-Monsoon.webp
299\697,Mountain Titan,,Creature — Giant Warrior,cards/299-Mountain-Titan.webp
300\697,Reclamation,,Enchantment,cards/300-Reclamation.webp
301\697,Skeleton Ship of Argoth,,Legendary Creature — Skeleton,cards/301-Skeleton-Ship-of-Argoth.webp
302\697,Spectral Shield,,Enchantment — Aura,cards/302-Spectral-Shield.webp
303\697,Storm Spirit,,Creature — Elemental Spirit,cards/303-Storm-Spirit.webp
304\697,Stormbind,,Snow Enchantment,cards/304-Stormbind.webp
305\697,Wings of Aesthir,,Enchantment — Aura,cards/305-Wings-of-Aesthir.webp
351\697,Adarkar Wastes,,Snow Land,cards/351-Adarkar-Wastes.webp
352\697,Brushland,,Snow Land,cards/352-Brushland.webp
17\60,Forest,14.0,Basic Land — Forest,cards/L17-Forest1.webp
18\60,Forest,2.0,Basic Land — Forest,cards/L18-Forest2.webp
19\60,Forest,3.0,Basic Land — Forest,cards/L19-Forest3.webp
20\60,Forest,15.0,Basic Land — Forest,cards/L20-Forest4.webp
353\697,Glacial Chasm,,Snow Land,cards/353-Glacial-Chasm.webp
354\697,Halls of Mist,,Land,cards/354-Halls-of-Mist.webp
355\697,Ice Floe,,Snow Land,cards/355-Ice-Floe.webp
5\60,Island,1.0,Basic Land — Island,cards/L5-Island1.webp
6\60,Island,2.0,Basic Land — Island,cards/L6-Island2.webp
7\60,Island,6.0,Basic Land — Island,cards/L7-Island3.webp
8\60,Island,14.0,Basic Land — Island,cards/L8-Island4.webp
356\697,Karplusan Forest,,Snow Land,cards/356-Karplusan-Forest.webp
357\697,Land Cap,,Land,cards/357-Land-Cap.webp
358\697,Lava Tubes,,Land,cards/358-Lava-Tubes.webp
13\60,Mountain,1.0,Basic Land — Mountain,cards/L13-Mountain1.webp
14\60,Mountain,2.0,Basic Land — Mountain,cards/L14-Mountain2.webp
15\60,Mountain,3.0,Basic Land — Mountain,cards/L15-Mountain3.webp
16\60,Mountain,4.0,Basic Land — Mountain,cards/L16-Mountain4.webp
1\60,Plains,1.0,Basic Land — Plains,cards/L1-Plains1.webp
2\60,Plains,2.0,Basic Land — Plains,cards/L2-Plains2.webp
3\60,Plains,15.0,Basic Land — Plains,cards/L3-Plains3.webp
4\60,Plains,17.0,Basic Land — Plains,cards/L4-Plains4.webp
359\697,River Delta,,Land,cards/359-River-Delta.webp
380\697,Snow Forest,5.0,Basic Snow Land — Forest,cards/380-Snow-Forest5.webp
381\697,Snow Forest,6.0,Basic Snow Land — Forest,cards/381-Snow-Forest6.webp
382\697,Snow Forest,7.0,Basic Snow Land — Forest,cards/382-Snow-Forest7.webp
383\697,Snow Forest,8.0,Basic Snow Land — Forest,cards/383-Snow-Forest8.webp
368\697,Snow Island,5.0,Basic Snow Land — Island,cards/368-Snow-Island5.webp
369\697,Snow Island,6.0,Basic Snow Land — Island,cards/369-Snow-Island6.webp
370\697,Snow Island,7.0,Basic Snow Land — Island,cards/370-Snow-Island7.webp
371\697,Snow Island,8.0,Basic Snow Land — Island,cards/371-Snow-Island8.webp
376\697,Snow Mountain,5.0,Basic Snow Land — Mountain,cards/376-Snow-Mountain5.webp
377\697,Snow Mountain,6.0,Basic Snow Land — Mountain,cards/377-Snow-Mountain6.webp
378\697,Snow Mountain,7.0,Basic Snow Land — Mountain,cards/378-Snow-Mountain7.webp
379\697,Snow Mountain,8.0,Basic Snow Land — Mountain,cards/379-Snow-Mountain8.webp
364\697,Snow Plains,5.0,Basic Snow Land — Plains,cards/364-Snow-Plains5.webp
365\697,Snow Plains,6.0,Basic Snow Land — Plains,cards/365-Snow-Plains6.webp
366\697,Snow Plains,7.0,Basic Snow Land — Plains,cards/366-Snow-Plains7.webp
367\697,Snow Plains,8.0,Basic Snow Land — Plains,cards/367-Snow-Plains8.webp
372\697,Snow Swamp,5.0,Basic Snow Land — Swamp,cards/372-Snow-Swamp5.webp
373\697,Snow Swamp,6.0,Basic Snow Land — Swamp,cards/373-Snow-Swamp6.webp
374\697,Snow Swamp,7.0,Basic Snow Land — Swamp,cards/374-Snow-Swamp7.webp
375\697,Snow Swamp,8.0,Basic Snow Land — Swamp,cards/375-Snow-Swamp8.webp
360\697,Sulfurous Springs,,Snow Land,cards/360-Sulfurous-Springs.webp
9\60,Swamp,1.0,Basic Land — Swamp,cards/L9-Swamp1.webp
10\60,Swamp,2.0,Basic Land — Swamp,cards/L10-Swamp2.webp
11\60,Swamp,3.0,Basic Land — Swamp,cards/L11-Swamp3.webp
12\60,Swamp,4.0,Basic Land — Swamp,cards/L12-Swamp4.webp
361\697,Timberline Ridge,,Land,cards/361-Timberline-Ridge.webp
362\697,Underground River,,Snow Land,cards/362-Underground-River.webp
363\697,Veldt,,Land,cards/363-Veldt.webp
169\697,Aggression,,Enchantment — Aura,cards/169-Aggression.webp
170\697,Anarchy,,Sorcery,cards/170-Anarchy.webp
171\697,Avalanche,,Sorcery,cards/171-Avalanche.webp
172\697,Balduvian Barbarians,,Creature — Human Barbarian,cards/172-Balduvian-Barbarians.webp
173\697,Balduvian Hydra,,Snow Creature — Hydra,cards/173-Balduvian-Hydra.webp
174\697,Barbarian Guides,,Creature — Human Barbarian,cards/174-Barbarian-Guides.webp
175\697,Battle Frenzy,,Instant,cards/175-Battle-Frenzy.webp
176\697,Bone Shaman,,Creature — Giant Shaman,cards/176-Bone-Shaman.webp
177\697,Brand of Ill Omen,,Enchantment — Aura,cards/177-Brand-of-Ill-Omen.webp
178\697,Chaos Lord,,Creature — Human Skeleton Warrior,cards/178-Chaos-Lord.webp
179\697,Chaos Moon,,Enchantment,cards/179-Chaos-Moon.webp
180\697,Conquer,,Enchantment — Aura,cards/180-Conquer.webp
181\697,Curse of Marit Lage,,Snow Enchantment,cards/181-Curse-of-Marit-Lage.webp
182\697,Dwarven Armory,,Enchantment,cards/182-Dwarven-Armory.webp
183\697,Errantry,,Enchantment — Aura,cards/183-Errantry.webp
184\697,Flame Spirit,,Creature — Elemental Spirit,cards/184-Flame-Spirit.webp
185\697,Flare,,Instant,cards/185-Flare.webp
186\697,Game of Chaos,,Sorcery,cards/186-Game-of-Chaos.webp
187\697,Glacial Crevasses,,Snow Enchantment,cards/187-Glacial-Crevasses.webp
188\697,Goblin Mutant,,Creature — Goblin Mutant,cards/188-Goblin-Mutant.webp
189\697,Goblin Sappers,,Creature — Goblin,cards/189-Goblin-Sappers.webp
190\697,Goblin Ski Patrol,,Creature — Goblin,cards/190-Goblin-Ski-Patrol.webp
191\697,Goblin Snowman,,Snow Creature — Goblin,cards/191-Goblin-Snowman.webp
192\697,Grizzled Wolverine,,Creature — Wolverine,cards/192-Grizzled-Wolverine.webp
193\697,Imposing Visage,,Enchantment — Aura,cards/193-Imposing-Visage.webp
194\697,Incinerate,,Instant,cards/194-Incinerate.webp
195\697,Jokulhlaups,,Sorcery,cards/195-Jokulhlaups.webp
196\697,Karplusan Giant,,Snow Creature — Giant,cards/196-Karplusan-Giant.webp
197\697,Karplusan Yeti,,Snow Creature — Yeti,cards/197-Karplusan-Yeti.webp
198\697,Lava Burst,,Sorcery,cards/198-Lava-Burst.webp
199\697,Marton Stromgald,,Legendary Creature — Human Knight,cards/199-Marton-Stromgald.webp
200\697,Melee,,Instant,cards/200-Melee.webp
201\697,Melting,,Snow Enchantment,cards/201-Melting.webp
202\697,Meteor Shower,,Sorcery,cards/202-Meteor-Shower.webp
203\697,Mountain Goat,,Creature — Goat,cards/203-Mountain-Goat.webp
204\697,Mudslide,,Enchantment,cards/204-Mudslide.webp
205\697,Orcish Cannoneers,,Creature — Orc Warrior,cards/205-Orcish-Cannoneers.webp
206\697,Orcish Conscripts,,Creature — Orc,cards/206-Orcish-Conscripts.webp
207\697,Orcish Farmer,,Creature — Orc,cards/207-Orcish-Farmer.webp
208\697,Orcish Healer,1.0,Creature — Orc Cleric,cards/208-Orcish-Healer.webp
208A\697,Orcish Healer,2.0,Creature — Orc Cleric,cards/208-Orcish-Healer2.webp
209\697,Orcish Librarian,,Creature — Orc,cards/209-Orcish-Librarian.webp
210\697,Orcish Lumberjack,,Creature — Orc,cards/210-Orcish-Lumberjack.webp
211\697,Orcish Squatters,,Creature — Orc,cards/211-Orcish-Squatters.webp
212\697,Panic,,Instant,cards/212-Panic.webp
213\697,Pyroblast,,Instant,cards/213-Pyroblast.webp
214\697,Pyroclasm,,Sorcery,cards/214-Pyroclasm.webp
215\697,Sabretooth Tiger,,Creature — Cat,cards/215-Sabretooth-Tiger.webp
216\697,Shatter,,Instant,cards/216-Shatter.webp
217\697,Stone Rain,,Sorcery,cards/217-Stone-Rain.webp
218\697,Stone Spirit,,Snow Creature — Elemental Spirit,cards/218-Stone-Spirit.webp
219\697,Stonehands,,Enchantment — Aura,cards/219-Stonehands.webp
220\697,Tor Giant,,Creature — Giant,cards/220-Tor-Giant.webp
221\697,Total War,,Enchantment,cards/221-Total-War.webp
222\697,Vertigo,,Instant,cards/222-Vertigo.webp
223\697,Wall of Lava,,Creature — Wall,cards/223-Wall-of-Lava.webp
224\697,Word of Blasting,,Instant,cards/224-Word-of-Blasting.webp
57\697,Arnjlot's Ascent,,Enchantment,cards/57-Arnjlots-Ascent.webp
58\697,Balduvian Conjurer,,Creature — Human Wizard,cards/58-Balduvian-Conjurer.webp
59\697,Balduvian Shaman,,Creature — Human Cleric Shaman,cards/59-Balduvian-Shaman.webp
60\697,Binding Grasp,,Enchantment — Aura,cards/60-Binding-Grasp.webp
61\697,Brainstorm,,Instant,cards/61-Brainstorm.webp
62\697,Breath of Dreams,,Enchantment,cards/62-Breath-of-Dreams.webp
63\697,Clairvoyance,,Instant,cards/63-Clairvoyance.webp
64\697,Counterspell,1.0,Instant,cards/64-Counterspell.webp
64A\697,Counterspell,2.0,Instant,cards/64-Counterspell2.webp
65\697,Deflection,,Instant,cards/65-Deflection.webp
66\697,Dreams of the Dead,,Enchantment,cards/66-Dreams-of-the-Dead.webp
67\697,Enervate,,Instant,cards/67-Enervate.webp
68\697,Errant Minion,,Snow Enchantment — Aura,cards/68-Errant-Minion.webp
69\697,Essence Flare,,Enchantment — Aura,cards/69-Essence-Flare.webp
70\697,Force Void,,Instant,cards/70-Force-Void.webp
71\697,Glacial Wall,,Snow Creature — Wall,cards/71-Glacial-Wall.webp
72\697,Hydroblast,,Instant,cards/72-Hydroblast.webp
73\697,Iceberg,,Snow Enchantment,cards/73-Iceberg.webp
74\697,Icy Prison,,Snow Enchantment,cards/74-Icy-Prison.webp
75\697,Illusionary Forces,,Creature — Illusion,cards/75-Illusionary-Forces.webp
76\697,Illusionary Presence,,Creature — Illusion,cards/76-Illusionary-Presence.webp
77\697,Illusionary Terrain,,Snow Enchantment,cards/77-Illusionary-Terrain.webp
78\697,Illusionary Wall,,Creature — Illusion Wall,cards/78-Illusionary-Wall.webp
79\697,Illusions of Grandeur,,Enchantment,cards/79-Illusions-of-Grandeur.webp
80\697,Infuse,,Instant,cards/80-Infuse.webp
81\697,Krovikan Sorcerer,,Creature — Human Wizard,cards/81-Krovikan-Sorcerer.webp
82\697,Magus of the Unseen,,Creature — Human Wizard,cards/82-Magus-of-the-Unseen.webp
83\697,Mesmeric Trance,,Enchantment,cards/83-Mesmeric-Trance.webp
84\697,Mistfolk,,Creature — Illusion,cards/84-Mistfolk.webp
85\697,Musician,,Creature — Human Wizard,cards/85-Musician.webp
86\697,Mystic Might,,Enchantment — Aura,cards/86-Mystic-Might.webp
87\697,Mystic Remora,,Enchantment,cards/87-Mystic-Remora.webp
88\697,Phantasmal Mount,,Creature — Illusion Horse,cards/88-Phantasmal-Mount.webp
89\697,Polar Kraken,,Snow Creature — Kraken,cards/89-Polar-Kraken.webp
90\697,Portent,,Sorcery,cards/90-Portent.webp
91\697,Power Sink,,Instant,cards/91-Power-Sink.webp
92\697,Ray of Command,,Instant,cards/92-Ray-of-Command.webp
93\697,Ray of Erasure,,Instant,cards/93-Ray-of-Erasure.webp
94\697,Reality Twist,,Enchantment,cards/94-Reality-Twist.webp
95\697,Sea Spirit,,Creature — Elemental Spirit,cards/95-Sea-Spirit.webp
96\697,Shyft,,Creature — Shapeshifter,cards/96-Shyft.webp
97\697,Sibilant Spirit,,Creature — Spirit,cards/97-Sibilant-Spirit.webp
98\697,Silver Erne,,Creature — Bird,cards/98-Silver-Erne.webp
99\697,Sleight of Mind,,Instant,cards/99-Sleight-of-Mind.webp
100\697,Snow Devil,,Snow Enchantment — Aura,cards/100-Snow-Devil.webp
101\697,Snowfall,,Snow Enchantment,cards/101-Snowfall.webp
102\697,Soldevi Machinist,,Creature — Human Wizard Artificer,cards/102-Soldevi-Machinist.webp
103\697,Soul Barrier,,Enchantment,cards/103-Soul-Barrier.webp
104\697,Thunder Wall,,Creature — Wall,cards/104-Thunder-Wall.webp
105\697,Updraft,,Instant,cards/105-Updraft.webp
106\697,Wind Spirit,,Creature — Elemental Spirit,cards/106-Wind-Spirit.webp
107\697,Winter's Chill,,Instant,cards/107-Winters-Chill.webp
108\697,Word of Undoing,,Instant,cards/108-Word-of-Undoing.webp
109\697,Wrath of Marit Lage,,Snow Enchantment,cards/109-Wrath-of-Marit-Lage.webp
110\697,Zuran Enchanter,,Creature — Human Wizard,cards/110-Zuran-Enchanter.webp
111\697,Zuran Spellcaster,,Creature — Human Wizard,cards/111-Zuran-Spellcaster.webp
112\697,Zur's Weirding,,Enchantment,cards/112-Zurs-Weirding.webp
1\697,Adarkar Unicorn,,Snow Creature — Unicorn,cards/1-Adarkar-Unicorn.webp
2\697,Arctic Foxes,,Snow Creature — Fox,cards/2-Arctic-Foxes.webp
3\697,Arenson's Aura,,Enchantment,cards/3-Arensons-Aura.webp
4\697,Armor of Faith,,Enchantment — Aura,cards/4-Armor-of-Faith.webp
5\697,Battle Cry,,Instant,cards/5-Battle-Cry.webp
6\697,Black Scarab,,Enchantment — Aura,cards/6-Black-Scarab.webp
7\697,Blessed Wine,,Instant,cards/7-Blessed-Wine.webp
8\697,Blinking Spirit,,Creature — Spirit,cards/8-Blinking-Spirit.webp
9\697,Blue Scarab,,Enchantment — Aura,cards/9-Blue-Scarab.webp
10\697,Call to Arms,,Enchantment,cards/10-Call-to-Arms.webp
11\697,Caribou Range,,Snow Enchantment — Aura,cards/11-Caribou-Range.webp
12\697,Circle of Protection: Black,,Enchantment,cards/12-Circle-of-Protection-Black.webp
13\697,Circle of Protection: Blue,,Enchantment,cards/13-Circle-of-Protection-Blue.webp
14\697,Circle of Protection: Green,,Enchantment,cards/14-Circle-of-Protection-Green.webp
15\697,Circle of Protection: Red,,Enchantment,cards/15-Circle-of-Protection-Red.webp
16\697,Circle of Protection: White,,Enchantment,cards/16-Circle-of-Protection-White.webp
17\697,Cold Snap,,Snow Enchantment,cards/17-Cold-Snap.webp
18\697,Cooperation,,Enchantment — Aura,cards/18-Cooperation.webp
19\697,Death Ward,,Instant,cards/19-Death-Ward.webp
20\697,Disenchant,,Instant,cards/20-Disenchant.webp
21\697,Drought,,Enchantment,cards/21-Drought.webp
22\697,Elvish Healer,,Creature — Elf Cleric,cards/22-Elvish-Healer.webp
23\697,Enduring Renewal,,Enchantment,cards/23-Enduring-Renewal.webp
24\697,Energy Storm,,Enchantment,cards/24-Energy-Storm.webp
25\697,Formation,,Instant,cards/25-Formation.webp
26\697,Fylgja,,Snow Enchantment — Aura,cards/26-Fylgja.webp
27\697,General Jarkeld,,Legendary Creature — Human Soldier,cards/27-General-Jarkeld.webp
28\697,Green Scarab,,Enchantment — Aura,cards/28-Green-Scarab.webp
29\697,Hallowed Ground,,Snow Enchantment,cards/29-Hallowed-Ground.webp
30\697,Heal,,Instant,cards/30-Heal.webp
31\697,Hipparion,,Creature — Horse,cards/31-Hipparion.webp
32\697,Justice,,Enchantment,cards/32-Justice.webp
33\697,Kelsinko Ranger,,Creature — Human Ranger,cards/33-Kelsinko-Ranger.webp
34\697,Kjeldoran Elite Guard,,Creature — Human Soldier,cards/34-Kjeldoran-Elite-Guard.webp
35\697,Kjeldoran Guard,,Creature — Human Soldier,cards/35-Kjeldoran-Guard.webp
36\697,Kjeldoran Knight,,Creature — Human Knight,cards/36-Kjeldoran-Knight.webp
37\697,Kjeldoran Phalanx,,Creature — Human Soldier,cards/37-Kjeldoran-Phalanx.webp
38\697,Kjeldoran Royal Guard,,Creature — Human Soldier,cards/38-Kjeldoran-Royal-Guard.webp
39\697,Kjeldoran Skycaptain,,Creature — Human Soldier,cards/39-Kjeldoran-Skycaptain.webp
40\697,Kjeldoran Skyknight,,Creature — Human Knight,cards/40-Kjeldoran-Skyknight.webp
41\697,Kjeldoran Warrior,,Creature — Human Warrior,cards/41-Kjeldoran-Warrior.webp
42\697,Lightning Blow,,Instant,cards/42-Lightning-Blow.webp
43\697,Lost Order of Jarkeld,,Creature — Human Knight,cards/43-Lost-Order-of-Jarkeld.webp
44\697,Mercenaries,,Creature — Human Mercenary,cards/44-Mercenaries.webp
45\697,Order of the Sacred Torch,,Creature — Human Knight,cards/45-Order-of-the-Sacred-Torch.webp
46\697,Order of the White Shield,,Creature — Human Knight,cards/46-Order-of-the-White-Shield.webp
47\697,Prismatic Ward,,Enchantment — Aura,cards/47-Prismatic-Ward.webp
48\697,Rally,,Instant,cards/48-Rally.webp
49\697,Red Scarab,,Enchantment — Aura,cards/49-Red-Scarab.webp
50\697,Sacred Boon,,Instant,cards/50-Sacred-Boon.webp
51\697,Seraph,1.0,Creature — Angel,cards/51-Seraph.webp
51A\697,Seraph,2.0,Creature — Angel,cards/51-Seraph2.webp
52\697,Shield Bearer,,Creature — Human Soldier,cards/52-Shield-Bearer.webp
53\697,Snow Hound,,Snow Creature — Dog,cards/53-Snow-Hound.webp
54\697,Swords to Plowshares,,Instant,cards/54-Swords-to-Plowshares.webp
55\697,Warning,,Instant,cards/55-Warning.webp
56\697,White Scarab,,Enchantment — Aura,cards/56-White-Scarab.webp
718\697,Adarkar Silver Statues,,Legendary Artifact,cards/718-Adarkar-Silver-Statues.webp
719\697,"Aevar Borg, Northern Guide",,Legendary Creature — Human Scout,cards/719-Aevar-Borg-Northern-Guide.webp
720\697,Almaaz,,Legendary Snow Land,cards/720-Almaaz.webp
721\697,Altair of Coloni,,Legendary Planeswalker — Altair,cards/721-Altair-of-Coloni.webp
722\697,Argivia,,Legendary Land,cards/722-Argivia.webp
723\697,Argivian Sylex,,Legendary Artifact,cards/723-Argivian-Sylex.webp
724\697,"Arkin Egilsson, Skycaptain",,Legendary Creature — Human Knight,cards/724-Arkin-Egilsson-Skycaptain.webp
725\697,"Arna Kennerud, Skyknight",,Legendary Creature — Human Knight,cards/725-Arna-Kennerud-Skyknight.webp
726\697,"Arnjlot Olasson, Sky Mage",,Legendary Creature — Human Wizard,cards/726-Arnjlot-Olasson-Sky-Mage.webp
727\697,Ashes Beneath the Ice,,Enchantment,cards/727-Ashes-Beneath-the-Ice.webp
728\697,Avram Garrisson,,Legendary Creature — Human Knight,cards/728-Avram-Garrisson.webp
729\697,Azoria,,Legendary Land,cards/729-Azoria.webp
730\697,Balduvian Steppe,,Legendary Land,cards/730-Balduvian-Steppe.webp
731\697,Balesh Pass,,Legendary Snow Land,cards/731-Balesh-Pass.webp
732\697,Bandu,,Legendary Land,cards/732-Bandu.webp
733\697,Belenda Danisdotter,,Legendary Creature — Human Soldier,cards/733-Belenda-Danisdotter.webp
734\697,Big Bog Frog,,Creature — Frog Horror,cards/734-Big-Bog-Frog.webp
735\697,Black Pearl of Nadrum,,Legendary Artifact,cards/735-Black-Pearl-of-Nadrum.webp
736\697,Boreal Tundra,,Legendary Snow Land — Plains Island,cards/736-Boreal-Tundra.webp
737\697,Caves of Neffia,,Legendary Land,cards/737-Caves-of-Neffia.webp
738\697,Chaeska the Towerwright,,Legendary Creature — Zombie Minion,cards/738-Chaeska-the-Towerwright.webp
739\697,Cheyne the Archaeologist,,Legendary Creature — Human Scout,cards/739-Cheyne-the-Archaeologist.webp
740\697,Chromium Rhuell,,Legendary Creature — Elder Dragon,cards/740-Chromium-Rhuell.webp
741\697,Claria the Cartographer,,Legendary Creature — Human Scout,cards/741-Claria-the-Cartographer.webp
742\697,Curse of Stromgald,,Legendary Enchantment,cards/742-Curse-of-Stromgald.webp
743\697,"Damon, Wizard before Time",,Legendary Creature — Human Wizard,cards/743-Damon-Wizard-before-Time.webp
744\697,"Davin Lansson, Naturalist",,Legendary Creature — Human Scout,cards/744-Davin-Lansson-Naturalist.webp
745\697,Disa the Restless,,Legendary Creature — Human Scout,cards/745-Disa-the-Restless.webp
746\697,Disa's Journal,,Legendary Artifact,cards/746-Disas-Journal.webp
747\697,"Drufalden, Last of Rigida",,Legendary Snow Creature — Elemental,cards/747-Drufalden-Last-of-Rigida.webp
748\697,"Elkan, Balduvian Mage",,Legendary Creature — Human Wizard,cards/748-Elkan-Balduvian-Mage.webp
749\697,"Embereck, Ash Warlord",,Legendary Planeswalker — Embereck,cards/749-Embereck-Ash-Warlord.webp
750\697,Endless Sea,,Legendary Snow Land — Island Swamp,cards/750-Endless-Sea.webp
751\697,Eyebeams Cat,,Legendary Creature — Cat Horror,cards/751-Eyebeams-Cat.webp
752\697,Faralyn of the Shard,,Legendary Planeswalker — Faralyn,cards/752-Faralyn-of-the-Shard.webp
753\697,"Fatima, Mysterious Benefactor",,Legendary Planeswalker — Fatima,cards/753-Fatima-Mysterious-Benefactor.webp
754\697,Fens of Foulmere,,Legendary Land,cards/754-Fens-of-Foulmere.webp
755\697,Finroy the False Regent,,Legendary Creature — Human Knight,cards/755-Finroy-the-False-Regent.webp
756\697,Flarg Mountains,,Legendary Snow Land,cards/756-Flarg-Mountains.webp
757\697,Fortress of Tresserhorn,,Legendary Snow Land,cards/757-Fortress-of-Tresserhorn.webp
758\697,Freyalise the Fire Mage,,Legendary Creature — Elf Human Wizard,cards/758-Freyalise-the-Fire-Mage.webp
759\697,"Freyalise, Fyndhorn Goddess",,Legendary Planeswalker — Freyalise,cards/759-Freyalise-Fyndhorn-Goddess.webp
760\697,"Freyalise, Llanowar's Fury",,Legendary Planeswalker — Freyalise,cards/760-Freyalise-Llanowars-Fury.webp
761\697,Fyndhorn Forest,,Legendary Land,cards/761-Fyndhorn-Forest.webp
762\697,"Gendrin, Rimewind Keeper",,Legendary Creature — Human Wizard,cards/762-Gendrin-Rimewind-Keeper.webp
763\697,Gerda Aagesdotter,,Legendary Creature — Human Wizard,cards/763-Gerda-Aagesdotter.webp
764\697,Glacial Revelation,,Sorcery,cards/764-Glacial-Revelation.webp
765\697,Glimmer Vale,,Legendary Snow Land,cards/765-Glimmer-Vale.webp
766\697,Great Glacier,,Legendary Snow Land,cards/766-Great-Glacier.webp
767\697,Grenfell Mor of Golthonor,,Legendary Planeswalker — Grenfell Mor,cards/767-Grenfell-Mor-of-Golthonor.webp
768\697,Groth Jonar,,Legendary Creature — Orc Warrior,cards/768-Groth-Jonar.webp
769\697,"Guldark, Torgash Leader",,Legendary Creature — Orc Warrior,cards/769-Guldark-Torgash-Leader.webp
770\697,Gustha Ebbasdotter,,Legendary Creature — Human Wizard,cards/770-Gustha-Ebbasdotter.webp
771\697,Halvor Arenson,,Legendary Creature — Human Cleric,cards/771-Halvor-Arenson.webp
772\697,Hilde the Collector,,Legendary Creature — Human Rogue,cards/772-Hilde-the-Collector.webp
773\697,Holy Book of the Confessors,,Legendary Artifact,cards/773-Holy-Book-of-the-Confessors.webp
774\697,Hypocrisy of the Tal,,Legendary Enchantment,cards/774-Hypocrisy-of-the-Tal.webp
775\697,"Ib Halfheart, Goblin Tactician",,Legendary Creature — Goblin Advisor,cards/775-Ib-Halfheart-Goblin-Tactician.webp
776\697,"Il-Chunt, the Mask Model",,Legendary Creature — Goblin Rogue,cards/776-Il-Chunt-the-Mask-Model.webp
777\697,"Isa, Fylgja Panthera",,Legendary Snow Creature — Cat Spirit,cards/777-Isa-Fylgja-Panthera.webp
778\697,Island of Lat-Nam,,Legendary Land,cards/778-Island-of-Lat-Nam.webp
779\697,Jaeuhl Carthalion,,Legendary Creature — Human Knight,cards/779-Jaeuhl-Carthalion.webp
780\697,Jasha Carthalion,,Legendary Creature — Human Elf Druid,cards/780-Jasha-Carthalion.webp
781\697,Jason Carthalion,,Legendary Creature — Human Archer,cards/781-Jason-Carthalion.webp
782\697,Jaya Ballard,,Legendary Planeswalker — Jaya,cards/782-Jaya-Ballard.webp
783\697,"Jaya Ballard, Task Mage",,Legendary Creature — Human Spellshaper,cards/783-Jaya-Ballard-Task-Mage.webp
784\697,Jaya the Possessed,,Legendary Creature — Human Horror,cards/784-Jaya-the-Possessed.webp
785\697,"Jodah, Alliance Architect",,Legendary Creature — Human Wizard,cards/785-Jodah-Alliance-Architect.webp
786\697,"Jodah, Archmage Eternal",,Legendary Creature — Human Wizard,cards/786-Jodah-Archmage-Eternal.webp
787\697,"Jodah, the Researcher",,Legendary Creature — Human Wizard,cards/787-Jodah-the-Researcher.webp
788\697,Jodah's Mirror,,Legendary Artifact,cards/788-Jodahs-Mirror.webp
789\697,Jornstad,,Legendary Land,cards/789-Jornstad.webp
790\697,Karplusan Mountains,,Legendary Snow Land,cards/790-Karplusan-Mountains.webp
791\697,Kelsinko,,Legendary Land,cards/791-Kelsinko.webp
792\697,Kher Ridges,,Legendary Land — Mountain Plains,cards/792-Kher-Ridges.webp
793\697,Kjeld,,Legendary Land,cards/793-Kjeld.webp
794\697,Kjeldoran Hinterlands,,Legendary Land,cards/794-Kjeldoran-Hinterlands.webp
795\697,Kjeldoran Marshes,,Legendary Snow Land — Plains Swamp,cards/795-Kjeldoran-Marshes.webp
796\697,Klazina Jansdotter,,Legendary Creature — Human Knight,cards/796-Klazina-Jansdotter.webp
797\697,"Kolbjorn, Fyndhorn Elder",,Legendary Creature — Human Druid,cards/797-Kolbjorn-Fyndhorn-Elder.webp
798\697,Kristina of the Woods,,Legendary Planeswalker — Kristina,cards/798-Kristina-of-the-Woods.webp
799\697,Krov,,Legendary Land,cards/799-Krov.webp
800\697,Labyrinth of Raynor,,Legendary Snow Land,cards/800-Labyrinth-of-Raynor.webp
801\697,Lagfrak the Low,,Legendary Creature — Barbarian Scout,cards/801-Lagfrak-the-Low.webp
802\697,Laina of the Elvish Council,,Legendary Creature — Elf Advisor,cards/802-Laina-of-the-Elvish-Council.webp
803\697,"Leshrac, Walker of Night",,Legendary Planeswalker — Leshrac,cards/803-Leshrac-Walker-of-Night.webp
804\697,Liana of Minorad,,Legendary Planeswalker — Liana,cards/804-Liana-of-Minorad.webp
805\697,Lim-Dul the Necromancer,,Legendary Creature — Human Wizard,cards/805-Lim-Dul-the-Necromancer.webp
806\697,Lim-Dul the Soldier,,Legendary Creature — Human Soldier,cards/806-Lim-Dul-the-Soldier.webp
807\697,Lord Balo Kailo,,Legendary Creature — Human Knight,cards/807-Lord-Balo-Kailo.webp
808\697,Lord Rothchild,,Legendary Creature — Human Noble,cards/808-Lord-Rothchild.webp
809\697,Lost Sword of the Ages,,Legendary Artifact — Equipment,cards/809-Lost-Sword-of-the-Ages.webp
810\697,Lothar Lovisason,,Legendary Creature — Human Warrior Noble,cards/810-Lothar-Lovisason.webp
811\697,Lovisa the Harborer,,Legendary Creature — Human Warrior,cards/811-Lovisa-the-Harborer.webp
812\697,"Lovisa, Martyr Queen",,Legendary Creature — Human Warrior,cards/812-Lovisa-Martyr-Queen.webp
813\697,Lucilde Fiksdotter,,Legendary Creature — Human Knight,cards/813-Lucilde-Fiksdotter.webp
814\697,Mardun River Valley,,Legendary Snow Land — Forest Plains,cards/814-Mardun-River-Valley.webp
815\697,Mark of the Elder Druid,,Legendary Enchantment — Aura,cards/815-Mark-of-the-Elder-Druid.webp
816\697,Meanders of Yavimaya River,,Legendary Land,cards/816-Meanders-of-Yavimaya-River.webp
817\697,Mirror of True Nature,,Legendary Artifact,cards/817-Mirror-of-True-Nature.webp
818\697,Mirror of Yesterday,,Legendary Artifact,cards/818-Mirror-of-Yesterday.webp
819\697,Mount Sarraza,,Legendary Snow Land,cards/819-Mount-Sarraza.webp
820\697,New Sumifa,,Legendary Land,cards/820-New-Sumifa.webp
821\697,Northern Wastes,,Legendary Land — Swamp Mountain,cards/821-Northern-Wastes.webp
822\697,Null Moon,,Legendary Land,cards/822-Null-Moon.webp
823\697,Oddveig Ulfsson,,Legendary Creature — Human Scout,cards/823-Oddveig-Ulfsson.webp
824\697,"Ogwater Rifkin, Songmage",,Legendary Creature — Human Wizard,cards/824-Ogwater-Rifkin-Songmage.webp
825\697,Ohran Ridge,,Legendary Land — Island Mountain,cards/825-Ohran-Ridge.webp
826\697,Ohran Sentinel,,Snow Creature — Avatar Knight Cleric,cards/826-Ohran-Sentinel.webp
827\697,Ohran Shade,,Snow Creature — Shade,cards/827-Ohran-Shade.webp
828\697,Ohran Siren,,Snow Creature — Elemental Horror,cards/828-Ohran-Siren.webp
829\697,"Oriel Kjeldos, Aesthir Tamer",,Legendary Creature — Human Shaman,cards/829-Oriel-Kjeldos-Aesthir-Tamer.webp
830\697,Overking's Ajada,,Legendary Artifact,cards/830-Overkings-Ajada.webp
831\697,Perena Deepcutter,,Legendary Creature — Dwarf Artificer,cards/831-Perena-Deepcutter.webp
832\697,"Pharon, Kjeldoran Wizard",,Legendary Creature — Human Wizard,cards/832-Pharon-Kjeldoran-Wizard.webp
833\697,"Porros, the Sand Wraith",,Legendary Creature — Spirit Elemental,cards/833-Porros-the-Sand-Wraith.webp
834\697,Ravidel the Dragon Keeper,,Legendary Creature — Human Wizard,cards/834-Ravidel-the-Dragon-Keeper.webp
835\697,"Ravidel, Collector of Lives",,Legendary Planeswalker — Ravidel,cards/835-Ravidel-Collector-of-Lives.webp
836\697,Ravidel's Planar Barge,,Legendary Artifact Creature — Skeleton,cards/836-Ravidels-Planar-Barge.webp
837\697,Raynor Glacier,,Legendary Snow Land,cards/837-Raynor-Glacier.webp
838\697,Rigida,,Snow Creature — Beast Elemental,cards/838-Rigida.webp
839\697,Rimewind Keep,,Legendary Snow Land,cards/839-Rimewind-Keep.webp
840\697,Ring of Mairsil,,Legendary Artifact,cards/840-Ring-of-Mairsil.webp
841\697,Riolla Hifrata,,Legendary Creature — Human Advisor,cards/841-Riolla-Hifrata.webp
842\697,River Kingdom of Selkies,,Legendary Enchantment,cards/842-River-Kingdom-of-Selkies.webp
843\697,"Rotapan, Overking of Wyrvil",,Legendary Creature — Orc Warrior,cards/843-Rotapan-Overking-of-Wyrvil.webp
844\697,Royal Academy of Magic,,Legendary Enchantment,cards/844-Royal-Academy-of-Magic.webp
845\697,Ruins of Argoth,,Legendary Land — Forest Island,cards/845-Ruins-of-Argoth.webp
846\697,Ruins of Old Sumifa,,Legendary Land,cards/846-Ruins-of-Old-Sumifa.webp
847\697,Saffi Eriksdotter,,Legendary Creature — Human Scout,cards/847-Saffi-Eriksdotter.webp
848\697,Sages of Minorad,,Legendary Enchantment,cards/848-Sages-of-Minorad.webp
849\697,"Samiks, the Marked One",,Legendary Creature — Human Warrior,cards/849-Samiks-the-Marked-One.webp
850\697,Samor's Chronoclave,,Legendary Artifact,cards/850-Samors-Chronoclave.webp
851\697,Samor's Skeleton,,Legendary Artifact,cards/851-Samors-Skeleton.webp
852\697,Sarrazan Fire-Bane,,Legendary Artifact,cards/852-Sarrazan-Fire-Bane.webp
853\697,Sarrazan River,,Legendary Land,cards/853-Sarrazan-River.webp
854\697,Sea of Almaaz,,Legendary Land,cards/854-Sea-of-Almaaz.webp
855\697,Sea of Laments,,Legendary Land,cards/855-Sea-of-Laments.webp
856\697,Silver Sea,,Legendary Snow Land,cards/856-Silver-Sea.webp
857\697,Soldev,,Legendary Land,cards/857-Soldev.webp
858\697,Sorine Relicbane,,Legendary Creature — Human Cleric,cards/858-Sorine-Relicbane.webp
859\697,Steinar Icefist,,Legendary Creature — Human Shaman,cards/859-Steinar-Icefist.webp
860\697,Storgard,,Legendary Land,cards/860-Storgard.webp
861\697,Summit of the Null Moon,,Legendary Sorcery,cards/861-Summit-of-the-Null-Moon.webp
862\697,Taaveti of Kelsinko,,Legendary Creature — Elf Ranger,cards/862-Taaveti-of-Kelsinko.webp
863\697,Taysir of Rabiah,,Legendary Planeswalker — Taysir,cards/863-Taysir-of-Rabiah.webp
864\697,"Tevesh Szat, Silent Death",,Legendary Planeswalker — Szat,cards/864-Tevesh-Szat-Silent-Death.webp
865\697,Thangbrand Gyrdsson,,Legendary Creature — Human Soldier,cards/865-Thangbrand-Gyrdsson.webp
866\697,The White Veil,,Legendary Enchantment,cards/866-The-White-Veil.webp
867\697,The World Spell,,Legendary Enchantment,cards/867-The-World-Spell.webp
868\697,Toothlicker Harj,,Legendary Creature — Orc Warrior,cards/868-Toothlicker-Harj.webp
869\697,"Ukoten, Centaur Chieftain",,Legendary Creature — Centaur Warrior,cards/869-Ukoten-Centaur-Chieftain.webp
870\697,Urza's Secret Journal,,Legendary Artifact,cards/870-Urzas-Secret-Journal.webp
871\697,Valley of the Chimes,,Legendary Land — Mountain Forest,cards/871-Valley-of-the-Chimes.webp
872\697,Vannemir of Valharad,,Legendary Creature — Human Warrior,cards/872-Vannemir-of-Valharad.webp
873\697,Vannemir's Runeblade,,Legendary Artifact — Equipment,cards/873-Vannemirs-Runeblade.webp
874\697,"Varchild, Betrayer of Kjeldor",,Legendary Creature — Human Knight,cards/874-Varchild-Betrayer-of-Kjeldor.webp
875\697,"Vram, the Dobehma",,Legendary Planeswalker — Vram,cards/875-Vram-the-Dobehma.webp
876\697,Wall of Basalt,,Snow Creature — Wall,cards/876-Wall-of-Basalt.webp
877\697,Wall of Frosted Quartz,,Snow Creature — Wall,cards/877-Wall-of-Frosted-Quartz.webp
878\697,Wall of Ice Crystals,,Snow Creature — Wall,cards/878-Wall-of-Ice-Crystals.webp
879\697,Wall of Resinwood,,Snow Creature — Wall,cards/879-Wall-of-Resinwood.webp
880\697,Wall of Scoria,,Snow Creature — Wall,cards/880-Wall-of-Scoria.webp
881\697,Water Sapphire,,Legendary Artifact,cards/881-Water-Sapphire.webp
882\697,"Wiggulf, Selkies Waterking",,Legendary Creature — Merfolk Shapeshifter,cards/882-Wiggulf-Selkies-Waterking.webp
883\697,Yavimaya Forest,,Legendary Snow Land — Swamp Forest,cards/883-Yavimaya-Forest.webp
884\697,"Ysidra, Valkyrie of Valor",,Legendary Creature — Spirit Angel,cards/884-Ysidra-Valkyrie-of-Valor.webp
885\697,"Zaraya, Kjeldoran Commander",,Legendary Creature — Human Knight,cards/885-Zaraya-Kjeldoran-Commander.webp
698\697,Snow Plains,9.0,Basic Snow Land — Plains,cards/698-Snow-Plains9.webp
699\697,Snow Plains,10.0,Basic Snow Land — Plains,cards/699-Snow-Plains10.webp
700\697,Snow Plains,11.0,Basic Snow Land — Plains,cards/700-Snow-Plains11.webp
701\697,Snow Plains,12.0,Basic Snow Land — Plains,cards/701-Snow-Plains12.webp
702\697,Snow Island,9.0,Basic Snow Land — Island,cards/702-Snow-Island9.webp
703\697,Snow Island,10.0,Basic Snow Land — Island,cards/703-Snow-Island10.webp
704\697,Snow Island,11.0,Basic Snow Land — Island,cards/704-Snow-Island11.webp
705\697,Snow Island,12.0,Basic Snow Land — Island,cards/705-Snow-Island12.webp
706\697,Snow Swamp,9.0,Basic Snow Land — Swamp,cards/706-Snow-Swamp9.webp
707\697,Snow Swamp,10.0,Basic Snow Land — Swamp,cards/707-Snow-Swamp10.webp
708\697,Snow Swamp,11.0,Basic Snow Land — Swamp,cards/708-Snow-Swamp11.webp
709\697,Snow Swamp,12.0,Basic Snow Land — Swamp,cards/709-Snow-Swamp12.webp
710\697,Snow Mountain,9.0,Basic Snow Land — Mountain,cards/710-Snow-Mountain9.webp
711\697,Snow Mountain,10.0,Basic Snow Land — Mountain,cards/711-Snow-Mountain10.webp
712\697,Snow Mountain,11.0,Basic Snow Land — Mountain,cards/712-Snow-Mountain11.webp
713\697,Snow Mountain,12.0,Basic Snow Land — Mountain,cards/713-Snow-Mountain12.webp
714\697,Snow Forest,9.0,Basic Snow Land — Forest,cards/714-Snow-Forest9.webp
715\697,Snow Forest,10.0,Basic Snow Land — Forest,cards/715-Snow-Forest10.webp
716\697,Snow Forest,11.0,Basic Snow Land — Forest,cards/716-Snow-Forest11.webp
717\697,Snow Forest,12.0,Basic Snow Land — Forest,cards/717-Snow-Forest12.webp
1\5,Beast of the Hours,,Token Legendary Creature — Cockatrice,cards/T1-Beast-of-the-Hours-Token.webp
2\5,Lord Chelydrus,,Token Legendary Creature — Serpent Drake,cards/T2-Lord-Chelydrus-Token.webp
3\5,Marit Lage,,Token Legendary Creature — Avatar,cards/T3-Marit-Lage-Token.webp
4\5,"Rhindle, the Scaled Wurm",,Token Legendary Snow Creature — Wurm,cards/T4-Rhindle-the-Scaled-Wurm-Token.webp
5\5,Valthus the Leviathan,,Token Legendary Creature — Leviathan,cards/T5-Valthus-the-Leviathan-Token.webp
